Character ID,Entity ID,Min Value,Max Value,Other Values
56,1,1,0.3,0.3;1.5;1.5
56,2,1,,0;1.2;1.2
56,3,1,,0;0.6;0.6
56,4,1,,0;1.2;1.2
56,5,1,0.1,0.1;1;1
56,6,1,0.2,0.2;2;2
56,7,1,0.1,0.1;0.6;0.6
56,8,1,0.1,0.1;1;1
56,9,1,0.4,1;2.5;2.5
56,10,1,0.1,0.1;0.5;1.3
56,11,1,0.5,0.5;1.5;1.5
56,12,1,0.5,0.5;3;3
56,13,1,0.2,0.2;1.3;1.3
56,14,1,0.01,0.01;0.5;0.5
56,15,1,0.3,0.3;1.2;1.2
56,16,1,0.15,0.3;1;1
56,17,1,0.5,0.5;2.5;2.5
56,18,1,0.2,0.2;1.5;1.5
56,19,1,0.3,0.5;1;1.5
56,20,1,0.5,0.5;1.5;2
56,21,1,0.1,0.1;0.3;0.3
56,22,1,0.2,0.2;0.4;1
56,23,1,0.5,0.5;2.5;2.5
56,24,1,0.5,0.5;2.5;2.5
56,25,1,0.2,0.2;1.5;1.5
56,26,1,0.5,0.5;3.5;3.5
56,27,1,1,1;2.5;3
56,28,1,2,3;5;9
56,29,1,1.5,2;4;5
56,30,1,0.5,1;2;3
56,31,1,,0;2.5;2.5
56,32,1,,0.1;1;1.5
56,33,1,,0;0.1;0.25
56,34,1,,0;0.3;2.5
56,35,1,,0;0.6;0.6
56,36,1,,0;0.5;0.5
56,37,1,,0;0.1;0.1
56,38,1,,0;0.5;0.5
56,39,1,0.5,0.5;3;3
56,40,1,1,1;2.5;3
56,41,1,1,1;1.5;1.5
56,42,1,0.3,1;1.8;1.8
56,43,1,0.5,0.5;2;2
56,44,1,0.3,0.3;1.5;1.5
56,45,1,0.2,1;2;2
56,46,1,0.5,2;4;4
56,47,1,0.5,1;3;3
56,48,1,0.5,2;4;10
56,49,1,0.5,1;1.5;2
56,50,1,0.5,1;2;2
56,51,1,0.5,1;2;2
56,52,1,0.5,0.5;2;2.5
56,53,1,0.3,0.3;1.8;1.8
56,54,1,0.3,0.3;2.5;2.5
56,55,1,0.3,0.4;2.5;3
56,56,1,0.5,1;2.5;2.5
56,57,1,,0;0.6;0.6
56,58,1,,0;0.5;0.5
56,59,1,,0.1;0.5;0.5
56,60,1,0.2,0.3;1.5;1.75
56,61,1,0.1,0.5;2;2.5
56,62,1,0.05,0.1;0.7;1.2
56,63,1,0.5,1;2;2
56,64,1,0.3,0.5;4;4
56,65,1,0.1,0.2;1.5;2
56,66,1,,0.1;0.2;0.3
56,67,1,0.3,0.4;1.5;1.75
56,68,1,0.3,0.5;1;1.5
56,69,1,0.3,0.5;2;2.5
56,70,1,0.3,0.4;1.5;2
56,71,1,,0;3;3
56,72,1,0.2,0.2;2;2
56,73,1,0.3,0.5;1;1.5
56,74,1,0.15,0.15;0.6;1
56,75,1,0.2,0.2;1.5;1.5
56,76,1,0.5,0.5;4;4
56,77,1,0.5,1;3;3
56,78,1,0.3,0.5;1.5;2.5
56,79,1,1,2;5;5
56,80,1,0.5,0.5;2;2
56,81,1,1,2;5;5
56,82,1,3,3;25;25
56,83,1,,0;2;2
56,84,1,,0;2;2
56,85,1,,0;0.3;0.3
56,86,1,,0;2;2
56,87,1,,0;0.3;0.3
56,88,1,0.3,0.3;1;1
56,89,1,0.2,0.5;1;1
56,90,1,0.1,0.1;0.5;0.6
56,91,1,0.05,0.1;0.4;0.4
56,92,1,0.2,0.5;0.5;1
56,93,1,0.1,0.2;0.45;0.5
56,94,1,0.5,0.5;3;3
56,95,1,1,1;4;4
56,96,1,0.5,0.5;2.5;2.5
56,97,1,1,1;4;4
56,98,1,,0;2;2
56,99,1,1,1;3;3
56,100,1,1,1;3;3
56,101,1,3,3;5;5
56,102,1,0.15,0.15;0.5;1.3
56,103,1,,0;2.5;2.5
56,104,1,0.2,0.2;0.5;0.5
56,105,1,1,1;2.5;2.5
56,106,1,1,1;3;3
56,107,1,,0;1.5;1.5
56,108,1,,0.5;1;2
56,109,1,0.5,0.5;2;2
56,110,1,,0;0.3;0.3
56,111,1,,0;0.2;0.2
56,112,1,,0;4;4
56,113,1,0.1,0.1;0.5;0.6
56,114,1,,0;3;3
56,115,1,0.2,0.2;0.9;0.9
56,116,1,,0;2;2
56,117,1,0.08,0.08;1;1
56,118,1,,0;3;3
56,119,1,0.5,0.5;1.2;1.2
56,120,1,0.3,0.3;1.5;1.5
56,121,1,,0;0.5;0.5
56,122,1,,0;0.6;0.6
56,123,1,,0;0.9;0.9
56,124,1,,0;0.9;0.9
56,125,1,,0;0.5;0.5
56,126,1,,0;0.5;0.5
56,127,1,,0;1;1
56,128,1,,0;0.7;0.7
56,129,1,,0;0.5;0.5
56,130,1,,0;0.8;0.8
56,131,1,0.1,0.1;1.5;1.5
56,132,1,0.5,1;1.8;2.5
56,133,1,0.1,0.1;1.5;1.5
56,134,1,,0;0.4;0.6
56,135,1,0.2,0.2;0.5;0.5
56,136,1,,0.15;0.4;0.4
56,137,1,,0;0.6;1
56,138,1,,0;0.2;0.6
56,139,1,,0;0.2;0.6
56,140,1,,0;0.6;0.6
56,141,1,,0;0.3;0.4
56,142,1,0.3,0.3;1.2;1.2
56,143,1,,0.2;0.2;0.7
56,144,1,,0.15;0.15;0.8
56,145,1,0.1,0.1;1.5;2
56,146,1,0.3,0.3;0.6;0.7
56,147,1,0.1,0.1;0.3;0.4
56,148,1,,0;1.5;1.5
56,149,1,0.2,0.2;0.4;0.5
56,150,1,0.2,0.2;0.5;0.5
56,151,1,0.4,0.4;0.7;0.7
56,152,1,0.1,0.1;0.8;0.8
56,153,1,,0;0.5;0.5
56,154,1,,0;0.3;0.3
56,155,1,,0;0.5;0.5
56,156,1,,0;0.5;0.5
56,157,1,0.5,2;3;6
56,158,1,0.5,1;2;3
56,159,1,0.5,0.5;8;8
56,160,1,,0;0.7;0.7
56,161,1,,0;0.5;0.5
56,162,1,,0;0.5;0.5
56,163,1,0.05,0.05;0.3;0.3
56,164,1,0.3,0.3;2;2
56,165,1,0.03,0.03;0.3;0.3
56,166,1,0.3,0.3;1;1
56,167,1,0.5,0.5;2.5;2.5
56,168,1,0.1,0.1;2;2
56,169,1,0.05,0.05;0.3;0.3
56,170,1,0.3,0.3;0.5;0.5
56,171,1,0.3,0.3;1.5;1.5
56,172,1,0.3,0.3;1.3;1.3
56,173,1,1,1;3;3
56,174,1,0.05,0.05;0.3;0.3
56,175,1,0.5,0.5;10;10
56,176,1,0.5,0.5;10;10
56,177,1,3,3;10;10
56,178,1,1.5,1.5;4;4
56,179,1,0.2,0.2;2;2
56,180,1,0.6,0.6;3;3
56,181,1,0.3,1;3.5;3.5
56,182,1,1,1;3.5;3.5
56,183,1,0.8,0.8;2;2
56,184,1,0.05,0.05;0.25;0.25
56,185,1,0.3,0.3;2;2
56,186,1,0.5,0.5;2;2
56,187,1,0.3,0.3;3;4
56,188,1,0.05,0.05;0.3;0.3
56,189,1,0.1,0.3;0.6;0.8
56,190,1,0.3,0.3;1;1
56,191,1,0.05,0.05;0.05;0.05
56,192,1,0.3,0.3;1.5;1.5
56,193,1,0.5,0.5;3;3
56,194,1,1,1;2;2
56,195,1,0.25,0.25;1.5;2
56,196,1,0.25,0.25;1;1
56,197,1,0.2,0.3;1.5;1.5
56,198,1,0.2,0.2;0.8;0.8
56,199,1,1,1;3;3
56,200,1,0.1,0.1;1;1
56,201,1,0.3,0.3;1.3;1.3
56,202,1,0.1,0.3;1;1.1
56,203,1,0.2,0.2;1;1
56,204,1,0.3,0.3;0.4;0.4
56,205,1,0.5,0.5;1;1
56,206,1,0.1,0.1;1;2
56,207,1,0.6,0.6;2.5;2.5
56,208,1,0.3,0.3;3;3
56,209,1,0.3,0.3;0.6;0.6
56,210,1,1,1;1.5;1.5
56,211,1,0.075,0.1;0.6;0.6
56,212,1,0.3,0.3;1;2
56,213,1,0.7,0.7;2;2
56,214,1,0.1,0.1;1.3;1.3
56,215,1,0.1,0.2;0.7;0.7
56,216,1,0.4,0.4;1.5;1.5
56,217,1,0.2,0.2;0.6;0.6
56,218,1,0.5,0.5;1;1
56,219,1,0.2,0.2;2;2
56,220,1,0.2,0.3;2;3
56,221,1,0.2,0.2;0.3;1
56,222,1,0.3,0.3;3;3
56,223,1,0.3,0.5;2.3;2.3
56,224,1,0.3,0.3;0.5;1
56,225,1,0.1,0.1;0.3;0.6
56,226,1,0.1,0.1;0.15;0.15
56,227,1,0.1,0.3;1.3;2
56,228,1,0.5,0.5;3;3
56,229,1,0.5,0.5;1.5;3
56,230,1,0.4,0.4;2;2
56,231,1,0.5,0.5;3;3
56,232,1,0.15,0.15;0.7;0.7
56,233,1,5,5;25;25
56,234,1,0.05,0.05;0.8;0.8
56,235,1,0.05,0.05;0.8;0.8
56,236,1,0.2,0.2;2;2
56,237,1,0.5,0.5;3;3
56,238,1,0.5,0.5;3;3
56,239,1,0.5,0.5;3;3
56,240,1,0.5,0.5;3;3
56,241,1,0.5,0.5;3;3
56,242,1,0.1,0.1;1.5;1.5
56,243,1,0.3,0.3;4;4
56,244,1,0.5,0.5;3;4
56,245,1,0.5,0.5;3;3
56,246,1,0.1,0.1;1;1
56,247,1,,0;0.5;0.5
56,248,1,0.3,0.3;1;1
56,249,1,0.25,0.25;0.5;0.5
56,250,1,,0;0.15;0.15
56,251,1,,0;0.2;0.2
56,252,1,,0;1.5;1.5
56,253,1,,0;1.5;2
56,254,1,,0;0.6;0.6
56,255,1,,0;0.5;0.5
56,256,1,,0;0.8;0.8
56,257,1,,0;0.25;0.5
56,258,1,,0;0.3;0.3
56,259,1,,0;0.15;0.15
56,260,1,,0;0.5;0.5
56,261,1,,0;0.5;0.5
56,262,1,,0;1;1
56,263,1,,0;0.2;0.2
56,264,1,,0;0.15;0.15
56,265,1,,0;0.2;0.2
56,266,1,,0;0.3;0.3
56,267,1,0.1,0.1;0.5;1
56,268,1,,0;3;3
56,269,1,,0;2;2
56,270,1,,0;0.6;0.6
56,271,1,0.1,0.1;0.4;0.6
56,272,1,0.05,0.05;0.4;0.4
56,273,1,,0;0.6;0.6
56,274,1,,0.05;0.4;0.7
56,275,1,0.02,0.02;0.4;0.4
56,276,1,,0.05;0.5;0.5
56,277,1,,0;0.4;0.4
56,278,1,,0.1;0.3;0.3
56,279,1,0.1,0.1;0.7;0.8
56,280,1,,0.2;0.9;0.9
56,281,1,0.05,0.05;0.4;0.4
56,282,1,,0;30;30
56,283,1,,0;0.6;0.6
56,284,1,,0;0.4;0.4
56,285,1,,0;0.5;0.5
56,286,1,,0.4;0.4;1
56,287,1,,0.1;0.3;0.3
56,288,1,,0;0.8;0.8
56,289,1,,0;0.4;0.4
56,290,1,,0.05;0.35;0.35
56,291,1,,0.1;0.5;0.5
56,292,1,,0.1;0.3;0.3
56,293,1,,0.1;0.6;0.6
56,294,1,,0;0.1;0.35
56,295,1,,0;0.1;0.1
56,296,1,,0.05;0.25;0.25
56,297,1,0.1,0.15;0.6;0.6
56,298,1,0.05,0.5;0.8;0.8
56,299,1,,0;2.5;2.5
56,300,1,,0;0.5;0.5
56,301,1,0.1,0.2;0.8;0.8
56,302,1,,0;0.8;1
56,303,1,,0;0.8;1
56,304,1,0.3,0.3;1;1
56,305,1,0.3,0.3;1;1
56,306,1,0.3,0.3;1;1
56,307,1,0.1,0.1;0.8;0.8
56,308,1,,0;2;2
56,309,1,,0;2;2
56,310,1,1,1;4;5
57,1,1,2,5;30;30
57,2,1,2,3;9;9
57,3,1,5,5;8;9
57,4,1,5,5;12;12
57,6,1,2,2;20;20
57,7,1,3,5;12;12
57,8,1,1,1;2.5;2.5
57,9,1,3,3;5;5
57,10,1,2.5,2.5;5.5;5.5
57,11,1,5,5;20;20
57,12,1,5,5;13;13
57,13,1,3,3;6;6
57,14,1,2,2;5.5;5.5
57,15,1,1,1;3;3
57,16,1,5,5;15;15
57,17,1,1.5,1.5;4;4
57,18,1,1.3,1.3;2;2.2
57,19,1,0.5,1;3;3
57,20,1,2,3;6;6
57,21,1,3,3;15;15
57,22,1,,0;1;1
57,23,1,10,10;28;28
57,24,1,1.5,2;5.5;5.5
57,25,1,2,2;4;4
57,26,1,1.5,1.5;2.5;2.5
57,27,1,5,5;20;20
57,28,1,50,70;140;140
57,29,1,10,10;50;70
57,35,1,20,30;150;150
57,39,1,5,5;12;12
57,40,1,5,5;25;25
57,41,1,2,2.5;9;10
57,42,1,2,2;8;8
57,43,1,3,3;30;40
57,44,1,5,5;30;30
57,45,1,5,5;30;50
57,46,1,40,40;150;150
57,47,1,20,20;150;150
57,48,1,40,40;160;160
57,49,1,,10;90;110
57,50,1,15,15;200;200
57,51,1,15,15;200;200
57,52,1,8,8;70;70
57,53,1,10,10;25;35
57,54,1,5,5;12;12
57,55,1,4,4;20;20
57,56,1,40,40;220;370
57,57,1,15,15;70;70
57,58,1,10,10;70;70
57,60,1,3,5;20;30
57,61,1,3,5;20;30
57,62,1,2,3;14;16
57,63,1,5,7;18;20
57,64,1,10,10;30;30
57,65,1,2,3;8;15
57,66,1,1,2;5;6
57,67,1,0.5,1;10;11
57,68,1,2.5,3;10;10.5
57,69,1,6,7;20;22
57,70,1,2.5,3;7;8
57,71,1,30,30;150;150
57,73,1,2.5,3;7;10
57,74,1,1,1;3;3
57,76,1,20,20;60;60
57,78,1,5,10;20;25
57,80,1,10,10;40;40
57,83,1,,0;75;75
57,84,1,,0;105;105
57,85,1,,0;30;30
57,86,1,,0;50;50
57,87,1,,0;70;70
57,88,1,20,20;80;80
57,91,1,3,3;15;15
57,92,1,3,5;20;25
57,93,1,3,3;10;10
57,96,1,15,15;40;40
57,98,1,20,20;120;120
57,99,1,10,10;80;100
57,100,1,30,30;60;60
57,101,1,17,30;110;115
57,102,1,6,10;65;80
57,103,1,20,30;80;80
57,104,1,10,10;32;32
57,105,1,25,25;60;80
57,106,1,12,12;70;70
57,107,1,10,10;40;50
57,112,1,50,70;160;160
57,115,1,50,50;150;150
57,119,1,10,10;30;30
57,132,1,15,15;70;70
57,142,1,10,10;70;70
57,146,1,10,10;70;70
57,148,1,2,2;10;10
57,149,1,3,5;10;12
57,150,1,10,10;25;25
57,151,1,5,5;20;20
57,152,1,5,5;15;15
57,155,1,10,10;80;80
57,157,1,20,30;50;70
57,158,1,5,5;30;30
57,160,1,5,5;15;15
57,161,1,5,5;10;10
57,162,1,15,20;26;32
57,163,1,15,15;40;40
57,164,1,20,20;50;50
57,165,1,20,20;50;50
57,166,1,10,10;30;30
57,167,1,20,20;60;60
57,168,1,15,15;60;60
57,169,1,10,10;40;40
57,170,1,10,13;13;13
57,171,1,10,10;30;30
57,172,1,10,10;40;40
57,173,1,15,15;100;100
57,174,1,10,10;25;25
57,177,1,30,30;45;45
57,178,1,30,30;50;50
57,179,1,3.8,3.8;11;11
57,180,1,3.5,3.5;6.2;10
57,181,1,6.5,6.5;28;28
57,182,1,10,10;20;20
57,183,1,8,8;12;12
57,184,1,3.5,3.5;16;16
57,185,1,6,6;12.5;15.8
57,186,1,2.8,5;10;12
57,187,1,3.8,3.8;30;40
57,188,1,4,4;8;8
57,189,1,2,2;5;6
57,190,1,8.5,8.5;11.5;11.5
57,191,1,2.5,2.5;4.2;7
57,192,1,1,1;4;6
57,193,1,10,10;26;26
57,194,1,3.2,3.2;3.8;3.8
57,195,1,1.2,1.2;10;10
57,196,1,1.5,1.5;6.2;6.2
57,197,1,3.2,3.2;10;10
57,198,1,3.9,3.9;12.5;12.5
57,199,1,4.4,4.4;15;30
57,200,1,6,6;16;16
57,201,1,3,3;10;10
57,202,1,2.8,2.8;12;12
57,203,1,2.9,5;30;30
57,204,1,1,1;10.8;10.8
57,205,1,4.6,4.6;10;10
57,206,1,1.8,1.8;15;15
57,207,1,4.8,4.8;18;21
57,208,1,7.2,7.2;14.5;20.5
57,209,1,4,4;17;17
57,210,1,2.2,2.2;3.5;3.5
57,211,1,1.9,2.2;13;13
57,212,1,4.5,6.8;9.8;9.8
57,213,1,3.2,3.2;16;16
57,214,1,2,2;35;35
57,215,1,1.8,3.8;10;10
57,216,1,3,3;4;4
57,217,1,2,2;5;8
57,218,1,4.8,4.8;7.5;7.5
57,219,1,1.4,2;20;20
57,220,1,2.8,3.6;16;16
57,221,1,6,6;25;25
57,222,1,1.8,4;22;22
57,223,1,2.8,4.1;15;15
57,224,1,5.9,5.9;7.8;7.8
57,225,1,2.5,2.5;10;10
57,226,1,3.5,3.5;6;6
57,227,1,2.9,2.9;10.2;11.2
57,228,1,4,4;15;15
57,229,1,3,3;12;12
57,230,1,6,6;15;15
57,231,1,6,6;8.6;8.6
57,232,1,5,5;31;31
57,233,1,50,80;150;150
57,234,1,20,20;200;200
57,245,1,8,8;15;20
57,246,1,2,2;3;3
57,247,1,4,4;5;5
57,248,1,7,7;9;9
57,251,1,20,20;110;110
57,252,1,40,40;120;120
57,262,1,50,50;150;150
57,270,1,5,18;50;70
57,298,1,15,15;70;70
57,299,1,8,8;30;30
57,304,1,40,40;110;110
57,305,1,25,25;70;70
57,306,1,40,40;110;110
57,310,1,10,30;60;250
58,5,1,10,10;40;40
58,27,1,4,4;10;10
58,29,1,8,10;30;45
58,30,1,10,40;50;70
58,31,1,5,5;95;95
58,32,1,9,9;55;55
58,33,1,12,12;50;50
58,34,1,20,20;70;70
58,35,1,15,15;50;65
58,36,1,10,10;35;35
58,37,1,10,10;45;45
58,38,1,15,15;60;60
58,39,1,5,5;12;12
58,40,1,5,8;20;20
58,57,1,15,15;70;70
58,58,1,6,6;20;35
58,59,1,5,5;20;50
58,71,1,2.5,3;7;9
58,72,1,15,15;30;30
58,75,1,15,15;50;50
58,77,1,5,10;25;30
58,78,1,5,5;20;20
58,79,1,5,10;30;30
58,81,1,5,10;30;30
58,82,1,10,10;35;35
58,83,1,,0;75;75
58,84,1,,0;105;105
58,85,1,,0;30;30
58,86,1,,0;50;50
58,87,1,,0;70;70
58,88,1,10,10;40;40
58,89,1,10,10;40;40
58,90,1,3,3;15;15
58,91,1,3,3;10;15
58,92,1,3,5;20;25
58,93,1,3,3;10;10
58,94,1,20,20;60;60
58,95,1,5,5;35;35
58,96,1,4,4;30;40
58,97,1,5,5;35;35
58,108,1,1,5;7;8
58,109,1,5,10;40;63
58,110,1,15,15;80;80
58,111,1,6,10;50;80
58,112,1,20,20;130;130
58,113,1,10,10;60;60
58,114,1,30,30;100;150
58,116,1,20,25;60;60
58,117,1,18,18;70;70
58,118,1,20,20;80;80
58,119,1,7,7;25;25
58,120,1,3,3;15;15
58,121,1,3,3;12;18
58,122,1,5,5;35;35
58,123,1,2,3;10;15
58,124,1,2,3;10;15
58,125,1,4,5;8;10
58,126,1,3,10;15;21
58,127,1,6,7;15;20
58,128,1,4,5;11;20
58,129,1,5,10;30;30
58,130,1,4,8;12;25
58,131,1,10,20;60;60
58,132,1,10,15;35;50
58,133,1,50,50;150;150
58,134,1,4,4;40;40
58,135,1,5,5;25;25
58,136,1,2,3;15;15
58,137,1,4,4;25;30
58,138,1,2,3;12;15
58,139,1,5,6;12;18
58,140,1,5,5;30;30
58,141,1,5,5;25;25
58,142,1,4,4;30;30
58,143,1,5,10;30;30
58,144,1,5,5;15;30
58,145,1,5,10;30;35
58,146,1,5,5;30;30
58,147,1,8,10;30;30
58,151,1,5,5;20;20
58,152,1,8,8;15;15
58,153,1,3,3;15;15
58,154,1,1,1;5;5
58,155,1,5,5;15;15
58,156,1,3,5;15;15
58,159,1,4,4;10;10
58,162,1,6,10;26;26
58,175,1,8,8;50;50
58,176,1,4,4;13;13
58,178,1,15,15;30;30
58,233,1,10,25;40;60
58,235,1,7,7;25;25
58,236,1,20,20;25;25
58,237,1,15,15;25;25
58,238,1,7,7;30;30
58,239,1,20,20;40;40
58,240,1,15,15;25;25
58,241,1,18,18;40;40
58,242,1,15,15;50;50
58,243,1,20,20;40;40
58,244,1,6,8;18;25
58,249,1,12,15;30;30
58,250,1,3,5;10;10
58,251,1,2,2;12;12
58,252,1,7,7;17;17
58,253,1,10,10;30;30
58,255,1,5,5;25;25
58,256,1,0.5,1;5;8
58,257,1,5,10;30;45
58,258,1,5,5;30;40
58,259,1,10,15;25;25
58,260,1,5,5;30;30
58,261,1,10,10;30;60
58,262,1,10,10;25;25
58,263,1,5,10;25;25
58,264,1,3,3;15;15
58,265,1,5,5;15;20
58,266,1,1,3;20;30
58,267,1,5,5;25;25
58,271,1,15,20;50;80
58,272,1,5,5;20;25
58,273,1,5,8;16;16
58,274,1,4,4;15;15
58,275,1,4,8;10;12
58,276,1,5,5;30;30
58,277,1,6,6;15;15
58,278,1,6,8;15;15
58,279,1,8,10;30;35
58,280,1,6,10;28;35
58,281,1,5,5;15;15
58,282,1,10,10;25;25
58,283,1,10,10;30;30
58,284,1,4,4;14;14
58,285,1,4,4;12;12
58,286,1,15,30;50;70
58,287,1,5,10;40;40
58,288,1,10,10;30;30
58,289,1,10,10;15;15
58,290,1,5,10;15;15
58,291,1,10,15;25;25
58,292,1,4,5;8;10
58,293,1,3,6;20;25
58,294,1,3,5;25;25
58,295,1,3,3;12;15
58,296,1,3,4;12;15
58,297,1,5,15;30;35
58,298,1,4,4;20;20
58,300,1,8,10;15;18
58,301,1,5,5;25;25
58,302,1,5,5;25;25
58,303,1,10,10;35;35
58,304,1,10,20;30;30
58,305,1,5,5;20;30
58,306,1,10,20;20;30
58,307,1,5,5;15;20
58,308,1,5,5;40;40
58,309,1,5,5;40;40
59,1,1,2.5,2.5;3.5;3.5
59,2,1,3,3;4;4
59,3,1,3,3;4;4
59,4,1,3,3;5;5
59,5,1,8,8;10;10
59,6,1,3,3;5;5
59,7,1,3,3;4;4
59,8,1,3,3;3.5;3.5
59,9,1,3.5,3.5;4.5;4.5
59,10,1,3,3;4.5;4.5
59,11,1,3,3;5;5
59,12,1,3,3;4;4
59,13,1,3,3;5;5
59,14,1,3,3;5.5;5.5
59,15,1,2.5,2.5;3.5;3.5
59,16,1,2.5,3;4;4
59,17,1,2,2;3.5;3.5
59,18,1,4.5,4.5;5.5;5.5
59,19,1,4,4;6;6
59,20,1,3,3;5;5
59,21,1,3,3;5;5
59,22,1,3,3;4;4
59,23,1,3,3;5;5
59,24,1,2,2;3.5;3.5
59,25,1,4,4;5;5
59,26,1,7,7;10;10
59,27,1,2,2;3;3
59,28,1,7,7;10;10
59,29,1,9,9;10;10
59,30,1,15,18;30;30
59,31,1,3.5,3.5;6;6
59,32,1,2.5,2.5;4;4
59,33,1,3,3;6;6
59,34,1,4,4;6;6
59,35,1,4,4;8;8
59,36,1,4.5,4.5;6.5;6.5
59,37,1,3,3;6.5;6.5
59,38,1,2.5,2.5;5.5;5.5
59,39,1,2,2;3;3
59,40,1,5,5;8;8
59,41,1,2,2.5;3;3.5
59,42,1,2,3;4;4
59,43,1,3.2,3.2;5;5
59,44,1,1.5,1.5;2.5;2.5
59,45,1,2,2;3.5;3.5
59,46,1,4.5,4.5;5;5
59,47,1,3.5,3.5;5;5
59,48,1,4.5,4.5;5.5;5.5
59,49,1,3.4,3.4;4.8;4.8
59,50,1,2.5,2.5;5;5
59,51,1,2.5,2.5;5;5
59,52,1,2,3;4;4
59,53,1,2.5,2.5;3;3
59,54,1,2,2;3;3
59,55,1,2,2;3;3
59,56,1,3,3.5;5;5
59,57,1,1,1;2;2
59,58,1,1,1;1.2;1.2
59,59,1,2,2;3.5;3.5
59,60,1,2.5,3;5;5.5
59,61,1,3.5,4;6;6.5
59,62,1,4,5;8;10
59,63,1,3,3;5;5
59,64,1,5,5;6;6
59,65,1,3,4;6;7
59,66,1,3.5,4;5;5.5
59,67,1,3,4;5;6
59,68,1,3,4;7;8
59,69,1,2,3;5;6
59,70,1,3,4;5;6
59,71,1,3,3;4;4
59,72,1,4,4;5;5
59,73,1,2.5,2.5;4;4
59,74,1,2,2;4;4
59,75,1,5,5;8;8
59,76,1,4,4;4.7;4.7
59,77,1,6,6;10;10
59,78,1,3.5,3.5;7;7
59,79,1,5,5;7;7
59,80,1,5,5;6;6
59,81,1,5,5;7;7
59,82,1,2,2;4;4
59,83,1,3,3;5;5
59,84,1,3,3;5;5
59,85,1,4,4;5;5
59,86,1,2,2;3;3
59,87,1,3,3;4.5;4.5
59,88,1,3,3;4;4
59,89,1,3,3;6;6
59,90,1,7,7;10;11
59,91,1,5.5,6;8;9
59,92,1,8,8;12;12
59,93,1,5,5;6;6
59,94,1,10,10;15;15
59,95,1,4,4;6;6
59,96,1,3,3;5.3;5.3
59,97,1,4,4;6;6
59,98,1,3,3;4;5
59,99,1,3,3;5;5.5
59,100,1,3,3;5;5.5
59,101,1,3.5,3.5;6.5;6.5
59,102,1,3.5,4;5;6
59,103,1,4.5,4.5;7;7
59,104,1,4.5,4.5;5.8;5.8
59,105,1,5,5;6.5;6.5
59,106,1,5.2,5.2;8.5;8.5
59,107,1,3,3;4;4
59,108,1,1.5,1.5;2.7;2.7
59,109,1,1,1.5;3;3
59,110,1,5,5;7;7
59,111,1,7,7;12;12
59,112,1,10,10;15;15
59,113,1,3,3;5;5
59,114,1,5,8;10;12
59,115,1,5,5;6;6
59,116,1,8,10;12;12
59,117,1,8,8;10;10
59,118,1,8,8;12;12
59,119,1,3,3;5;5
59,120,1,7,7;9;9
59,121,1,3,3;6;6
59,122,1,5,5;12;12
59,123,1,4,4;8;8
59,124,1,4,4;8;8
59,125,1,6,6;10;10
59,126,1,3,3.5;5;5
59,127,1,7,7;9;9
59,128,1,4,4;7;7
59,129,1,10,10;15;15
59,130,1,5,5;7;7
59,131,1,7,7;9;9
59,132,1,8,8;10;10
59,133,1,6,6;7;7
59,134,1,2,2;3;3
59,135,1,3,3;5;5
59,136,1,2,2;3;4
59,137,1,1,1;2;2
59,138,1,2,2;4;4
59,139,1,2,2;4;4
59,140,1,2,2;5;5
59,141,1,2,2;3;3
59,142,1,3,4.5;7;7
59,143,1,2,3;5;5
59,144,1,2,3;5;5
59,145,1,1.5,1.5;2.5;2.5
59,146,1,1.5,1.5;2;2.5
59,147,1,2,2;3;3
59,148,1,5,5;6;6
59,149,1,2,4;5;5
59,150,1,3,3;3;3
59,151,1,7,7;10;10
59,152,1,5,5;10;10
59,153,1,3,3;6;6
59,154,1,2,2;3;3
59,155,1,3,3;5;5
59,156,1,3,3;5;6
59,157,1,4,5;7;7
59,158,1,5,5;7;7
59,159,1,1.5,1.5;3.5;3.5
59,160,1,3,3;4;4
59,161,1,3,3;4;4
59,162,1,7,7;9.5;9.5
59,163,1,5.5,5.5;9;9
59,164,1,5,5;7;7
59,165,1,6,6;10;10
59,166,1,12,12;15;15
59,167,1,5,5;7;7
59,168,1,5,5;8;8
59,169,1,5,5;6;6
59,170,1,9.5,9.5;12.5;12.5
59,171,1,6,6;8;8
59,172,1,5,5;8;8
59,173,1,3,3;4;4
59,174,1,6,6;9;9
59,175,1,0.5,0.5;2.5;2.5
59,176,1,0.5,0.5;2.5;2.5
59,177,1,6,6;8;8
59,178,1,5,5;8;8
59,179,1,5,5;8;8
59,180,1,3,4.2;5;5
59,181,1,5.5,5.5;7;7
59,182,1,2,2;5;5
59,183,1,5,5;7;7
59,184,1,3,3;8;8
59,185,1,7,7;11.5;11.5
59,186,1,3,5.2;5.2;5.2
59,187,1,4,4;6;6
59,188,1,4,4;5;5
59,189,1,4,4;8;8
59,190,1,3.5,3.5;5;5
59,191,1,4,4;6;6
59,192,1,4,4;5;5
59,193,1,3.5,3.5;4.5;4.5
59,194,1,4,4;4.5;4.5
59,195,1,3.5,3.5;7;7
59,196,1,4,4;5;5
59,197,1,3.2,3.2;4.8;4.8
59,198,1,7,7;8.8;8.8
59,199,1,5,5;7;7
59,200,1,9,9;10;10
59,201,1,5,5;7;7
59,202,1,3.2,3.2;6;6
59,203,1,3,3;6;6
59,204,1,5,5;5.2;5.2
59,205,1,4.6,4.6;6;6
59,206,1,2.5,2.5;6;6
59,207,1,1.2,1.2;6;6
59,208,1,4.6,4.6;5.5;5.5
59,209,1,3.5,3.5;6;6
59,210,1,4,4;5;5
59,211,1,3,3;5;5
59,212,1,10,10;11;11
59,213,1,5,5;6;6
59,214,1,4,4;9.5;9.5
59,215,1,5,5;7;7
59,216,1,3.2,3.2;4.8;4.8
59,217,1,5,5;7;7
59,218,1,4.5,4.5;6.2;6.2
59,219,1,3,3;4.2;4.2
59,220,1,4,4;6;6
59,221,1,5,5;5.5;5.5
59,222,1,5,5;8.3;8.3
59,223,1,2,2;5;5
59,224,1,4.5,4.5;6.2;6.2
59,225,1,5.2,5.2;6.5;6.5
59,226,1,5.5,5.5;6;6
59,227,1,4,4;6.2;6.2
59,228,1,6.5,6.5;8;8
59,229,1,5,5;5.5;5.5
59,230,1,5,5;6;6
59,231,1,4.3,4.3;5.8;5.8
59,232,1,4.5,4.5;6;6
59,233,1,5,5;8;8
59,234,1,3,3;5;5
59,235,1,2,2;3;3
59,236,1,4,4;6;6
59,237,1,6,6;8;8
59,238,1,6,6;8;8
59,239,1,6,6;8;8
59,240,1,6,6;8;8
59,241,1,6,6;8;8
59,242,1,5,5;10;10
59,243,1,5,5;10;10
59,244,1,3,3;5;5
59,245,1,7,7;10;10
59,246,1,3,3;5;5
59,247,1,3,3;4;4
59,248,1,3,3;4;4
59,249,1,2.5,2.5;4;5
59,250,1,3,3;5;5
59,251,1,1.5,1.5;4;4
59,252,1,3,3;5;6
59,253,1,4,4;6;6
59,254,1,3,3;6;6
59,255,1,3,3;5;5
59,256,1,2,2;3.5;3.5
59,257,1,3,3;5;5
59,258,1,4,4;8;8
59,259,1,5,5;8;8
59,260,1,5,6;10;10
59,261,1,3,3;6;7
59,262,1,3,3;6;6
59,263,1,3,3;3.5;3.5
59,264,1,3,3;4.5;4.5
59,265,1,4,4;7;7
59,266,1,4,4;7;7
59,267,1,4.5,4.5;7;7
59,268,1,2,2;4;4
59,269,1,2,2;4;4
59,270,1,4,4;8;8
59,271,1,7,8;10;10
59,272,1,4,5;7;7.5
59,273,1,1,1;2;3
59,274,1,2.5,4;5;5
59,275,1,1.5,1.5;2;2
59,276,1,3,3;4;5
59,277,1,2.5,3;4;4
59,278,1,8,10;13;13
59,279,1,3,3.5;6;6
59,280,1,8,8;12;12
59,281,1,7,7;9;9
59,282,1,8,8;10;10
59,283,1,3,3;7;7
59,284,1,4,4;5;7
59,285,1,5,5;7;7
59,286,1,5,7;10;12
59,287,1,3,3;5;5
59,288,1,3,4;6;6
59,289,1,2,2;3;4
59,290,1,5,5;7;8
59,291,1,3.5,5;6;6
59,292,1,9,10;15;15
59,293,1,3,4;7;7
59,294,1,3,3;8;8
59,295,1,3,3;4;5
59,296,1,2,3;5;5
59,297,1,6,8;15;15
59,298,1,3,3;5;5
59,299,1,10,12;18;18
59,300,1,2,2;4;4
59,301,1,1.5,1.5;3.5;3.5
59,302,1,4,4;5;5
59,303,1,5,5;7;7
59,304,1,12,12;20;20
59,305,1,7,7;12;12
59,306,1,12,12;20;20
59,307,1,2,2;3.5;4
59,308,1,5,5;10;10
59,309,1,5,5;10;10
59,310,1,3,3;5;5
60,1,1,6,6;12;12
60,2,1,5,5;10;10
60,3,1,4,4;7;7
60,4,1,5,5;10;10
60,5,1,12,12;15;15
60,6,1,5,5;10;10
60,7,1,5,5;10;10
60,8,1,5,5;8;8
60,9,1,8,8;11.5;11.5
60,10,1,7.5,7.5;9.5;9.5
60,11,1,8,8;9.5;9.5
60,12,1,8,8;12;12
60,13,1,9,9;12;12
60,14,1,7.5,7.5;11;11
60,15,1,6.5,6.5;8.5;8.5
60,16,1,9,9;10;10
60,17,1,5,5;7;7
60,18,1,8,8;12;12
60,19,1,9,9;12;12
60,20,1,8,8;10;10
60,21,1,6,6;7.5;7.5
60,22,1,7,7;8;8
60,23,1,9.5,9.5;11;11
60,24,1,5,5;8.5;8.5
60,25,1,7,7;11;11
60,26,1,15,15;20;20
60,27,1,10,12;15;15
60,28,1,9,9;11;11
60,29,1,12,14;17;17
60,30,1,20,20;55;55
60,31,1,5,5;8.5;8.5
60,32,1,2.5,2.5;3.5;3.5
60,33,1,3.5,3.5;7;7
60,34,1,5,5;7;7
60,35,1,5.5,6;7.5;7.5
60,36,1,5,5;6;6
60,37,1,5,5;7.5;7.5
60,38,1,2.5,2.5;6;6
60,39,1,9,9;12;12
60,40,1,12,15;20;20
60,41,1,5.5,6;6.5;7
60,42,1,6.5,6.5;8;8
60,43,1,5,6;6.5;6.5
60,44,1,5,5;6;6
60,45,1,4.5,4.5;5.5;5.5
60,46,1,8.5,8.5;11;11
60,47,1,6,6;9;9
60,48,1,6,7;10.5;11
60,49,1,6,6;6.5;6.5
60,50,1,5,6;7.5;7.5
60,51,1,5,6;7.5;7.5
60,52,1,4.5,4.5;5;5
60,53,1,3,3;4;4
60,54,1,3,3;6;7
60,55,1,3,3;6;7
60,56,1,6.5,6.5;8.5;8.5
60,57,1,3,3;5;5
60,58,1,3,3;3.3;3.3
60,59,1,5,5;7;7
60,60,1,5,5;8;8
60,61,1,8,8;10;10
60,62,1,7,7;12;12
60,63,1,5,5;9;9
60,64,1,10,10;12;12
60,65,1,7,7;12;12
60,66,1,7,7;10;10
60,67,1,7,7;10;10
60,68,1,8,8;12;12
60,69,1,5,5;9;9
60,70,1,8,8;10;10
60,71,1,10,10;15;15
60,72,1,5,5;6;6
60,73,1,7,7.5;9;9
60,74,1,7,7;9;9
60,75,1,10,10;15;15
60,76,1,7.5,7.5;10;10
60,77,1,10,10;15;15
60,78,1,8,8;13;13
60,79,1,10,10;15;15
60,80,1,10,10;15;15
60,81,1,10,10;15;15
60,82,1,4,4;6;6
60,83,1,6,6;8;8
60,84,1,5,5;9;9
60,85,1,7,7;9;9
60,86,1,6,6;8;8
60,87,1,5,5;10;10
60,88,1,5,5;8;8
60,89,1,10,10;15;15
60,90,1,15,15;20;20
60,91,1,8,8;12;12
60,92,1,15,15;25;25
60,93,1,7,7;9;9
60,94,1,20,20;30;30
60,95,1,8,8;12;12
60,96,1,8,8;12;12
60,97,1,8,8;12;12
60,98,1,5,7;8;9
60,99,1,7,7;10;10
60,100,1,7,7;10;10
60,101,1,9,9;11;11
60,102,1,6,6;8;8
60,103,1,7.5,7.5;10;10
60,104,1,6.5,7.5;9.8;9.8
60,105,1,8,8;10.5;10.5
60,106,1,11.5,11.5;17;17
60,107,1,5,5;7;7
60,108,1,6,6;9;9
60,109,1,6,6;8;10.6
60,110,1,15,15;20;20
60,111,1,15,15;25;25
60,112,1,25,25;40;40
60,113,1,8,8;10;10
60,114,1,15,15;30;30
60,115,1,8,8;22;22
60,116,1,20,20;35;40
60,117,1,12,12;32;32
60,118,1,15,15;30;30
60,119,1,5,5;6;6
60,120,1,15,15;19;19
60,121,1,4,4;8;8
60,122,1,10,10;22;22
60,123,1,7,10;16;16
60,124,1,7,10;16;16
60,125,1,10,10;16;16
60,126,1,4,4;10;10
60,127,1,10,10;12;12
60,128,1,6,6;10;10
60,129,1,15,15;25;25
60,130,1,10,10;12;12
60,131,1,10,10;12;15
60,132,1,14,14;18;18
60,133,1,12,12;17;17
60,134,1,4,4;5;5
60,135,1,7,7;10;10
60,136,1,4,4;6;6
60,137,1,2,2;3;3
60,138,1,3,3;5;5
60,139,1,4,4;6;6
60,140,1,3,3;5;5
60,141,1,2,2;4;4
60,142,1,6,6;14;14
60,143,1,5,6;7;9
60,144,1,4,4;7;7
60,145,1,3,4;6;6
60,146,1,2,2;3;3
60,147,1,4,4;5;5
60,148,1,8,8;10;10
60,149,1,7,7;8;8
60,150,1,7,7;7;7
60,151,1,7,7;20;20
60,152,1,6,6;12;12
60,153,1,5,5;8;8
60,154,1,2,3;5;5
60,155,1,5,5;8;8
60,156,1,6,6;9;9
60,157,1,8,8;10;10
60,158,1,6,6;8;8
60,159,1,3.5,3.5;6.5;6.5
60,160,1,5,5;8;8
60,161,1,,4;15;15
60,162,1,13.5,13.5;15.5;15.5
60,163,1,10,10;13;13
60,164,1,10,10;15;15
60,165,1,10,10;15;15
60,166,1,12,12;14;14
60,168,1,10,10;15;15
60,169,1,11,11;13;13
60,170,1,12,12;16;16
60,171,1,9,9;11;11
60,172,1,8,8;12;12
60,173,1,6,6;9;10
60,174,1,7,7;11;11
60,175,1,3,3;4.5;4.5
60,176,1,2,2;3;3
60,177,1,15,15;16;16
60,178,1,10,10;15;15
60,179,1,6,6;11.5;11.5
60,180,1,6.5,6.5;8.5;8.5
60,181,1,11,11;13;13
60,182,1,8,8;9.5;9.5
60,183,1,5,5;12.2;12.2
60,184,1,8.8,8.8;10;10
60,185,1,9.5,9.5;12.4;12.4
60,186,1,4.5,8.3;8.5;8.5
60,187,1,7,7;15;15
60,188,1,6,6;7;7
60,189,1,7.5,7.5;10.4;10.4
60,190,1,3.7,3.7;8.5;8.5
60,191,1,6,6;11.5;11.5
60,192,1,5.9,5.9;10;10
60,193,1,8.5,8.5;10.5;10.5
60,194,1,7.2,7.2;8;8
60,195,1,6,6;9.5;9.5
60,196,1,6,6;7.5;7.5
60,197,1,6.9,6.9;7.2;7.2
60,198,1,10,10;13;13
60,199,1,8.7,8.7;10.5;10.5
60,200,1,9,9;11;11
60,201,1,6,6;10;10
60,202,1,7.5,7.5;8.4;8.4
60,203,1,6.5,6.5;8.2;8.2
60,204,1,7,7;9.1;9.1
60,205,1,7,7;10;10
60,206,1,6.3,6.3;9;9
60,207,1,10,10;12;12
60,208,1,9,9;11;11
60,209,1,5,5;6;6
60,210,1,9,9;12;12
60,211,1,4,4;8;8
60,212,1,8,8;12;12
60,213,1,9.5,9.5;12;12
60,214,1,6,6;10.7;10.7
60,215,1,7.5,7.5;10;10
60,216,1,7.3,7.3;8.3;8.3
60,217,1,8,8;10.5;10.5
60,218,1,6,6;9;9
60,219,1,4,4;6.2;6.2
60,220,1,7,7;12;12
60,221,1,7.8,7.8;10;10
60,222,1,6.3,6.3;14;14
60,223,1,8,8;9;9
60,224,1,8.5,8.5;11.9;11.9
60,225,1,7.6,7.6;9.5;9.5
60,226,1,8.4,8.4;9.5;9.5
60,227,1,5,5;12.2;12.2
60,228,1,8.2,8.2;14;14
60,229,1,9.5,9.5;10;10
60,230,1,5,5;8;8
60,231,1,6.8,6.8;11.8;11.8
60,232,1,6,6;9;9
60,233,1,15,15;20;20
60,234,1,5,5;12;12
60,235,1,8,8;15;15
60,236,1,10,10;15;15
60,237,1,4,4;10;10
60,238,1,4,4;10;10
60,239,1,4,4;10;10
60,240,1,4,4;10;10
60,241,1,4,4;10;10
60,242,1,8,8;12;12
60,243,1,8,8;17;17
60,244,1,6,8;10;11
60,245,1,15,15;30;30
60,246,1,7,7;8;8
60,247,1,5,5;6;6
60,248,1,5,5;6;6
60,249,1,7,7;9;9
60,250,1,7,7;8;8
60,251,1,8,8;12;12
60,252,1,10,10;15;15
60,253,1,15,15;23;23
60,254,1,10,10;11;11
60,255,1,6,6;9;9
60,256,1,6,6;8;8
60,257,1,9,9;12;12
60,258,1,7,7;14;14
60,259,1,12,12;15;15
60,260,1,12,12;18;18
60,261,1,6,10;15;15
60,262,1,7,7;10;10
60,263,1,7,7;11;11
60,264,1,5,8;10;10
60,265,1,8,8;14;14
60,266,1,9,9;14;14
60,267,1,6,6;16;16
60,268,1,5,5;6;6
60,269,1,5,5;7;7
60,270,1,10,10;15;15
60,271,1,8,8;13;13
60,272,1,3,3;6;6
60,273,1,4,4;7;7
60,274,1,2.5,4;5;6
60,275,1,2.5,2.5;4;4
60,276,1,5,5;6;8
60,277,1,5,5;8;8
60,278,1,8,12;15;17
60,279,1,7,7;12;12
60,280,1,10,10;15;15
60,281,1,5,8;10;10
60,282,1,6,6;9;9
60,283,1,9,9;13;13
60,284,1,6,6;8;8
60,285,1,6,6;7;7
60,286,1,10,15;18;18
60,287,1,4,4;14;14
60,288,1,5,6;8;8
60,289,1,3,3;6;6
60,290,1,4,4;7;8
60,291,1,7,7;9;9
60,292,1,8,8;12;16
60,293,1,5,5;7;9
60,294,1,6,8;15;15
60,295,1,3,3;4;4
60,296,1,3,3;7;7
60,297,1,8,10;16;16
60,298,1,4,4;6;6
60,299,1,15,15;22;22
60,300,1,4,4;5;5
60,301,1,2.3,2.3;5;5
60,302,1,10,10;15;15
60,303,1,14,14;20;20
60,304,1,9,9;30;30
60,305,1,8,8;20;25
60,306,1,9,9;30;30
60,307,1,3.5,5;8;8
60,308,1,10,10;20;20
60,309,1,10,10;20;20
60,310,1,8,8;10;12
61,1,1,8,8;30;30
61,2,1,3,3;4;4
61,3,1,3,3;4.5;4.5
61,4,1,3,3;6;6
61,5,1,2,2;6;6
61,6,1,6,6;7;7
61,7,1,4,4;6;6
61,8,1,5,5;10;10
61,9,1,20,20;32;32
61,10,1,15,15;32;32
61,11,1,10,10;20;20
61,12,1,15,15;20;20
61,13,1,15,15;28;28
61,14,1,20,20;30;30
61,15,1,5,5;8;8
61,16,1,20,20;35;40
61,17,1,5,5;8;8
61,18,1,20,20;30;30
61,19,1,20,20;40;40
61,20,1,15,15;20;20
61,21,1,15,15;32;32
61,22,1,10,10;20;20
61,23,1,10,10;20;20
61,24,1,6,6;10;10
61,25,1,20,20;60;60
61,26,1,25,25;60;60
61,27,1,25,25;50;50
61,28,1,10,10;15;15
61,29,1,35,40;60;60
61,30,1,60,60;100;100
61,31,1,3,3;5;5
61,32,1,2,2;4;4
61,33,1,3,3;3.5;3.5
61,34,1,3,3;4;4
61,35,1,2,2;4;4
61,36,1,2.5,2.5;3.5;3.5
61,37,1,3,3;3.5;3.5
61,38,1,2.5,2.5;4;4
61,39,1,20,20;30;30
61,40,1,25,25;40;60
61,41,1,5.5,6;6.5;7
61,42,1,9,9;15;15
61,43,1,6,6;7;9
61,44,1,5,5;7;7
61,45,1,8,8;11;11
61,46,1,7,7;10;10
61,47,1,6.5,6.5;11;11
61,48,1,7,7;10;10
61,49,1,5,5;10;10
61,50,1,6,6;10;10
61,51,1,6,6;10;10
61,52,1,8,8;10;10
61,53,1,5,5;7;7
61,54,1,5,5;12;12
61,55,1,5,5;12;12
61,56,1,7,7;11;11
61,57,1,10,20;40;40
61,58,1,7,7;20;20
61,59,1,5,5;25;25
61,60,1,4.5,5;5.5;6
61,61,1,3.5,4;6;6.5
61,62,1,2.5,3;4.5;5
61,63,1,5,5;6;6
61,64,1,5,5;7;7
61,65,1,3,4;7;8
61,66,1,3.5,4;6;6.5
61,67,1,4,5;7;8
61,68,1,2.5,3;5;5.5
61,69,1,4,5;6;7
61,70,1,3,4;5;6
61,71,1,25,25;50;50
61,72,1,10,10;12;12
61,73,1,4,4;5;5
61,74,1,4,4;5;5
61,75,1,15,15;40;40
61,76,1,7,7;8;8
61,77,1,10,10;30;30
61,78,1,10,10;30;30
61,79,1,20,20;35;35
61,80,1,15,15;30;30
61,81,1,20,20;35;35
61,82,1,150,150;500;500
61,83,1,25,25;40;40
61,84,1,25,25;50;50
61,85,1,,0;30;30
61,86,1,15,15;25;25
61,87,1,15,15;30;30
61,88,1,4,4;6;7
61,89,1,15,15;30;30
61,90,1,10,10;12;12
61,91,1,7,8;10;10
61,92,1,8,9;15;15
61,93,1,8,8;11;11
61,94,1,15,15;20;20
61,95,1,16,16;38;38
61,96,1,12,12;20;23
61,97,1,16,16;38;38
61,98,1,20,20;45;50
61,99,1,8,8;12;15
61,100,1,8,8;12;15
61,101,1,14,14;17;20
61,102,1,7,7;10;10
61,103,1,13.5,13.5;14.5;14.5
61,104,1,7,9;11;11
61,105,1,10,10;11;11
61,106,1,10,10;17;17
61,107,1,9.5,9.5;10.5;10.5
61,108,1,20,20;40;40
61,109,1,13,30;45;52
61,110,1,30,30;50;50
61,111,1,20,20;50;60
61,112,1,40,50;100;100
61,113,1,20,20;50;50
61,114,1,40,50;100;110
61,115,1,50,50;60;60
61,116,1,30,30;70;70
61,117,1,20,20;50;50
61,118,1,50,60;100;100
61,119,1,2,3;4;4
61,120,1,30,30;75;75
61,121,1,10,10;30;30
61,122,1,20,20;50;50
61,123,1,8,10;40;40
61,124,1,8,10;40;40
61,125,1,15,20;40;40
61,126,1,10,15;50;50
61,127,1,15,15;40;40
61,128,1,7,8;15;15
61,129,1,30,30;70;70
61,130,1,15,15;40;40
61,131,1,40,50;70;70
61,132,1,40,40;80;80
61,133,1,40,40;50;50
61,134,1,4,5;7;7
61,135,1,10,11;15;17
61,136,1,3,3;6;8
61,137,1,2,2;3;3
61,138,1,3,3;5;5
61,139,1,7,12;20;20
61,140,1,2,3;10;12
61,141,1,5,5;10;10
61,142,1,3,3;9;9
61,143,1,7,7;15;15
61,144,1,5,5;11;11
61,145,1,3,3;5;5
61,146,1,2,2;3;3
61,147,1,5,5;8;8
61,148,1,8,8;10;10
61,149,1,5,5;6;6
61,150,1,5,5;6;6
61,151,1,5,5;7;7
61,152,1,6,6;10;10
61,153,1,20,20;50;50
61,154,1,10,10;30;30
61,155,1,10,20;35;35
61,156,1,10,10;25;35
61,157,1,5,6;10;10
61,158,1,7,7;9;9
61,159,1,70,70;150;150
61,160,1,3,3;6;6
61,161,1,3,3;5;5
61,162,1,13,13;20;20
61,163,1,13,13;20;20
61,164,1,15,15;40;40
61,165,1,15,15;40;40
61,166,1,14,14;25;25
61,167,1,15,15;30;30
61,168,1,20,20;40;40
61,169,1,10,10;16;16
61,170,1,22,22;33;33
61,171,1,25,25;30;30
61,172,1,12,12;15;15
61,173,1,10,10;15;15
61,174,1,10,10;15;15
61,175,1,80,80;200;200
61,176,1,70,70;180;180
61,177,1,4,4;5;5
61,178,1,3,3;4;4
61,179,1,3.4,3.4;6.5;6.5
61,180,1,5,5;7;7
61,181,1,6,6;7;7
61,182,1,7,7;10;10
61,183,1,3,3;5.5;5.5
61,184,1,4.5,4.5;5;5
61,185,1,6,6;6.3;6.3
61,186,1,5,5;5;5
61,187,1,5,5;8;8
61,188,1,4,4;6;6
61,189,1,4,4;5;5
61,190,1,4,4;4;4
61,191,1,4,4;4.5;4.5
61,192,1,4,4;4.2;4.2
61,193,1,7,7;8;8
61,194,1,4.5,4.5;5;5
61,195,1,5,5;8;8
61,196,1,4,4;5;5
61,197,1,3.6,3.6;5;5
61,198,1,4.2,4.2;5;5
61,199,1,6,6;8;8
61,200,1,5,5;6;6
61,201,1,4,4;7;7
61,202,1,4.8,4.8;7;7
61,203,1,4,4;6.5;6.5
61,204,1,4.5,4.5;5;5
61,205,1,,0;12;12
61,206,1,3,3;7;7
61,207,1,5,5;10;10
61,208,1,6,6;8;8
61,209,1,4,4;5;5
61,210,1,6,6;7;7
61,211,1,4,4;7;7
61,212,1,,0;12;12
61,213,1,6,6;7.2;7.2
61,214,1,4.5,4.5;10;10
61,215,1,4.4,4.4;5;5
61,216,1,4.2,4.2;4.2;4.2
61,217,1,5,5;5;5
61,218,1,3.2,3.2;5;5
61,219,1,4.1,4.1;8;8
61,220,1,5,5;7.2;7.2
61,221,1,5,5;6;6
61,222,1,6,6;7;7
61,223,1,5,5;6;6
61,224,1,5.2,5.2;6.3;6.3
61,225,1,4.5,4.5;4.5;4.5
61,226,1,5,5;5.8;5.8
61,227,1,3.3,3.3;5.5;5.5
61,228,1,6,6;6.2;6.2
61,229,1,4.5,4.5;5.5;5.5
61,230,1,4.2,4.2;5.6;5.6
61,231,1,5.5,5.5;6.2;6.2
61,232,1,6,6;6.5;6.5
61,233,1,30,30;80;80
61,234,1,15,15;50;50
61,235,1,12,12;50;50
61,236,1,60,60;80;80
61,237,1,40,40;100;100
61,238,1,50,50;100;100
61,239,1,50,50;100;100
61,240,1,40,40;80;80
61,241,1,50,50;100;100
61,242,1,30,30;50;50
61,243,1,60,60;80;80
61,244,1,120,120;200;200
61,245,1,40,40;100;100
61,246,1,4,4;5;5
61,247,1,3,3;5;5
61,248,1,2,3;5;5
61,249,1,10,10;20;20
61,250,1,10,10;20;20
61,251,1,15,15;30;30
61,252,1,20,20;40;40
61,253,1,20,30;60;60
61,254,1,10,10;30;30
61,255,1,15,15;40;40
61,256,1,5,5;10;15
61,257,1,15,20;70;70
61,258,1,10,15;40;40
61,259,1,15,15;30;30
61,260,1,20,20;40;40
61,261,1,10,10;60;60
61,262,1,20,20;30;30
61,263,1,5,5;10;10
61,264,1,10,10;25;25
61,265,1,8,10;15;18
61,266,1,10,10;35;35
61,267,1,15,15;35;40
61,268,1,12,12;25;25
61,269,1,7,7;20;20
61,270,1,15,15;30;30
61,271,1,1.5,1.5;2.5;3
61,272,1,0.6,0.6;1.5;1.5
61,273,1,1,1;2;2
61,274,1,3,3;4;5
61,275,1,1.5,1.5;2.5;2.5
61,276,1,2.5,2.5;4;4
61,277,1,2,2;3;3
61,278,1,2.5,2.5;3.5;3.5
61,279,1,3,3;4;4
61,280,1,2,2;3;3
61,281,1,1,1;2;2
61,282,1,2,2;5;5
61,283,1,3,3;6;6
61,284,1,6,6;8;10
61,285,1,1,1;7;7
61,286,1,2,2;4;4
61,287,1,4,4;6;6
61,288,1,1.5,1.5;3;3
61,289,1,1.5,1.5;3;3
61,290,1,1,1;2;2.5
61,291,1,2,2;3;3
61,292,1,2,2;3;3
61,293,1,2,2;3;3
61,294,1,2,2;3;3
61,295,1,3,3;4;4
61,296,1,1,1;2;2
61,297,1,1,2;3;4
61,298,1,10,10;20;20
61,299,1,10,10;20;20
61,300,1,10,10;20;20
61,301,1,5,5;12;12
61,302,1,20,20;35;35
61,303,1,30,30;50;50
61,304,1,25,25;35;80
61,305,1,25,25;35;80
61,306,1,25,25;35;80
61,307,1,8,8;15;15
61,308,1,15,20;40;40
61,309,1,15,20;40;40
61,310,1,4,4;6;6
62,1,1,1,1;9;9
62,2,1,1,1;2;2
62,3,1,1,1;2;2
62,4,1,1,1;2;2
62,5,1,1,1;2;2
62,6,1,2,2;2;2
62,7,1,2,2;2;2
62,8,1,1,1;2;2
62,9,1,4,4;8;8
62,10,1,4,4;12;12
62,11,1,2,2;4;4
62,12,1,2,2;4;4
62,13,1,3,3;8;8
62,14,1,4,4;10;10
62,15,1,1,1;2;2
62,16,1,4,4;8;8
62,17,1,1,1;2;2
62,18,1,3,3;6;6
62,19,1,3,3;6;6
62,20,1,2,2;4;4
62,21,1,5,5;10;10
62,22,1,3,3;6;6
62,23,1,2,2;4;4
62,24,1,1,1;2;2
62,25,1,3,3;6;6
62,26,1,15,15;25;25
62,27,1,5,5;15;15
62,28,1,1,1;12;12
62,29,1,4,4;10;10
62,30,1,10,10;80;80
62,31,1,1,1;1;1
62,32,1,1,1;1;1
62,33,1,1,1;1;1
62,34,1,1,1;1;1
62,35,1,1,1;1;1
62,36,1,1,1;1;1
62,37,1,1,1;1;1
62,38,1,1,1;1;1
62,39,1,2,2;10;10
62,40,1,4,4;25;25
62,41,1,1,1;2;2
62,42,1,1,1;2;2
62,43,1,1,1;2;2
62,44,1,1,1;2;2
62,45,1,1,1;2;2
62,46,1,1,1;2;2
62,47,1,1,1;2;2
62,48,1,1,1;2;2
62,49,1,1,1;2;2
62,50,1,1,1;2;2
62,51,1,1,1;2;2
62,52,1,1,1;2;2
62,53,1,1,1;2;2
62,54,1,1,1;2;2
62,55,1,1,1;2;2
62,56,1,1,1;2;2
62,57,1,3,3;8;8
62,58,1,2,2;6;6
62,59,1,2,2;6;6
62,60,1,1,1;2;2
62,61,1,1,1;2;2
62,62,1,1,1;2;2
62,63,1,1,1;2;2
62,64,1,1,1;2;2
62,65,1,1,1;2;2
62,66,1,1,1;2;2
62,67,1,1,1;2;2
62,68,1,1,1;2;2
62,69,1,1,1;2;2
62,70,1,1,1;2;2
62,71,1,3,3;6;6
62,72,1,2,2;8;8
62,73,1,1,1;2;2
62,74,1,1,1;2;2
62,75,1,2,2;10;10
62,76,1,1,1;2;2
62,77,1,2,2;6;6
62,78,1,6,6;7;7
62,79,1,5,5;7;7
62,80,1,4,4;12;12
62,81,1,5,5;7;7
62,82,1,15,15;25;25
62,83,1,3,3;10;10
62,84,1,4,4;12;12
62,85,1,3,3;5;5
62,86,1,3,3;7;7
62,87,1,3,3;6;6
62,88,1,1,1;1;1
62,89,1,2,2;6;6
62,90,1,15,15;20;20
62,91,1,8,8;10;10
62,92,1,12,12;20;20
62,93,1,12,12;20;20
62,94,1,12,12;15;15
62,95,1,2,2;4;4
62,96,1,2,2;4;4
62,97,1,2,2;4;4
62,98,1,6,6;8;8
62,99,1,1,1;2;2
62,100,1,1,1;2;2
62,101,1,1,1;2;2
62,102,1,1,1;2;2
62,103,1,1,1;2;2
62,104,1,1,1;2;2
62,105,1,1,1;2;2
62,106,1,1,1;2;2
62,107,1,1,1;2;2
62,108,1,6,6;8;8
62,109,1,4,4;12;12
62,110,1,5,5;30;30
62,111,1,5,5;8;8
62,112,1,10,10;15;15
62,113,1,6,6;15;15
62,114,1,7,7;15;15
62,115,1,6,6;20;20
62,116,1,4,4;10;10
62,117,1,3,3;5;5
62,118,1,6,6;10;10
62,119,1,1,1;1;1
62,120,1,8,8;15;15
62,121,1,7,7;23;23
62,122,1,8,8;20;20
62,123,1,5,5;20;20
62,124,1,5,5;20;20
62,125,1,9,9;15;15
62,126,1,5,5;28;28
62,127,1,10,10;20;20
62,128,1,4,4;14;14
62,129,1,5,5;50;50
62,130,1,8,8;20;20
62,131,1,4,4;6;6
62,132,1,8,8;12;12
62,133,1,5,5;10;10
62,134,1,5,5;8;8
62,135,1,5,5;11;11
62,136,1,7,7;14;14
62,137,1,1,1;1;1
62,138,1,3,3;7;7
62,139,1,10,10;26;26
62,140,1,3,3;11;11
62,141,1,1,1;3;3
62,142,1,2,2;10;10
62,143,1,4,4;6;6
62,144,1,3,3;12;12
62,145,1,1,1;2;2
62,146,1,1,1;1;1
62,147,1,1,1;2;2
62,148,1,1,1;10;10
62,149,1,1,1;2;2
62,150,1,1,1;2;2
62,151,1,1,1;2;2
62,152,1,1,1;2;2
62,153,1,5,5;8;8
62,154,1,4,4;9;9
62,155,1,6,6;9;9
62,156,1,3,3;7;7
62,157,1,1,1;8;8
62,158,1,1,1;8;8
62,159,1,6,6;12;12
62,160,1,1,1;2;2
62,161,1,1,1;2;2
62,162,1,2,2;6;6
62,163,1,1,1;8;8
62,164,1,2,2;7;7
62,165,1,2,2;7;7
62,166,1,3,3;8;8
62,167,1,3,3;8;8
62,168,1,2,2;8;8
62,169,1,1,1;1;1
62,170,1,2,2;8;8
62,171,1,4,4;9;9
62,172,1,1,1;8;8
62,173,1,1,1;4;4
62,174,1,2,2;8;8
62,175,1,12,12;20;20
62,176,1,3,3;11;11
62,177,1,1,1;1;1
62,178,1,1,1;1;1
62,179,1,1,1;2;2
62,180,1,1,1;2;2
62,181,1,1,1;2;2
62,182,1,1,1;2;2
62,183,1,1,1;2;2
62,184,1,1,1;2;2
62,185,1,1,1;2;2
62,186,1,1,1;2;2
62,187,1,1,1;2;2
62,188,1,1,1;2;2
62,189,1,1,1;2;2
62,190,1,1,1;2;2
62,191,1,1,1;2;2
62,192,1,1,1;2;2
62,193,1,1,1;2;2
62,194,1,1,1;2;2
62,195,1,1,1;2;2
62,196,1,1,1;2;2
62,197,1,1,1;2;2
62,198,1,1,1;2;2
62,199,1,1,1;2;2
62,200,1,1,1;2;2
62,201,1,1,1;2;2
62,202,1,1,1;2;2
62,203,1,1,1;2;2
62,204,1,1,1;2;2
62,205,1,1,1;2;2
62,206,1,1,1;2;2
62,207,1,1,1;2;2
62,208,1,1,1;2;2
62,209,1,1,1;2;2
62,210,1,1,1;2;2
62,211,1,1,1;2;2
62,212,1,1,1;2;2
62,213,1,1,1;2;2
62,214,1,1,1;2;2
62,215,1,1,1;2;2
62,216,1,1,1;2;2
62,217,1,1,1;2;2
62,218,1,1,1;2;2
62,219,1,1,1;2;2
62,220,1,1,1;2;2
62,221,1,1,1;2;2
62,222,1,1,1;2;2
62,223,1,1,1;2;2
62,224,1,1,1;2;2
62,225,1,1,1;2;2
62,226,1,1,1;2;2
62,227,1,1,1;2;2
62,228,1,1,1;2;2
62,229,1,1,1;2;2
62,230,1,1,1;2;2
62,231,1,1,1;2;2
62,232,1,1,1;2;2
62,233,1,2,2;15;15
62,234,1,3,3;10;10
62,235,1,3,3;7;7
62,236,1,6,6;16;16
62,237,1,5,5;15;15
62,238,1,5,5;15;15
62,239,1,5,5;15;15
62,240,1,5,5;15;15
62,241,1,5,5;15;15
62,242,1,3,3;20;20
62,243,1,10,10;30;30
62,244,1,15,15;50;50
62,245,1,8,8;25;25
62,246,1,1,1;2;2
62,247,1,1,1;2;2
62,248,1,1,1;2;2
62,249,1,1,1;10;10
62,250,1,1,1;25;25
62,251,1,1,1;18;18
62,252,1,1,1;25;25
62,253,1,1,1;30;30
62,254,1,1,1;25;25
62,255,1,1,1;25;25
62,256,1,1,1;10;10
62,257,1,1,1;25;25
62,258,1,1,1;50;50
62,259,1,1,1;25;25
62,260,1,1,1;25;25
62,261,1,1,1;25;25
62,262,1,1,1;16;16
62,263,1,1,1;15;15
62,264,1,1,1;25;25
62,265,1,1,1;25;25
62,266,1,1,1;25;25
62,267,1,1,1;25;25
62,268,1,1,1;2;2
62,269,1,1,1;2;2
62,270,1,1,1;8;8
62,271,1,1,1;2;2
62,272,1,1,1;1;1
62,273,1,1,1;1;1
62,274,1,1,1;4;4
62,275,1,1,1;1;1
62,276,1,1,1;2;2
62,277,1,1,1;2;2
62,278,1,1,1;1;1
62,279,1,2,2;4;4
62,280,1,1,1;1;1
62,281,1,1,1;1;1
62,282,1,1,1;1;1
62,283,1,1,1;2;2
62,284,1,2,2;9;9
62,285,1,1,1;2;2
62,286,1,1,1;1;1
62,287,1,3,3;4;4
62,288,1,1,1;2;2
62,289,1,1,1;2;2
62,290,1,1,1;1;1
62,291,1,1,1;1;1
62,292,1,1,1;1;1
62,293,1,1,1;1;1
62,294,1,1,1;1;1
62,295,1,2,2;2;2
62,296,1,1,1;2;2
62,297,1,2,2;3;3
62,298,1,3,3;7;7
62,299,1,2,2;6;6
62,300,1,1,1;3;3
62,301,1,1,1;3;3
62,302,1,3,3;7;7
62,303,1,3,3;7;7
62,304,1,1,1;12;12
62,305,1,1,1;12;12
62,306,1,1,1;12;12
62,307,1,3,3;4;4
62,308,1,2,2;8;8
62,309,1,2,2;8;8
62,310,1,1,1;1;1